id;file_id;version_number;object_name;created_at
1;angrily inasmuch virus;10775;yippee;2024-06-14T23:19:11
2;actually mmm;15744;between honeybee agitated;2024-06-15T02:44:31
3;apropos;25899;than amidst;2024-06-14T17:53:40
4;horde station-wagon;10800;as opposite duh;2024-06-14T10:52:44
5;simple summary pace;11292;boo underneath;2024-06-15T06:53:24
6;till;13339;barring;2024-06-14T21:11:45
7;witness;14885;now barring;2024-06-14T20:56:22
8;justly;29637;lovingly whoever;2024-06-14T20:22:09
9;debrief;31523;even ugh creepy;2024-06-14T19:44:10
10;fail;29669;sardonic yesterday vector;2024-06-15T05:39:11
