id;name;parent_folder_id;created_at;updated_at;is_active
1;beyond skiing;horrify surprisingly;2024-06-14T19:46:35;2024-06-15T04:10:08;false
2;moist;whenever;2024-06-14T16:13:12;2024-06-15T08:01:04;false
3;gee;tan anti;2024-06-14T13:06:01;2024-06-15T03:40:29;false
4;veteran;ouch quaint evenly;2024-06-14T12:06:45;2024-06-14T22:18:54;true
5;muted scam;drat below mysterious;2024-06-14T17:07:42;2024-06-15T08:51:41;true
6;stake circa;ew sober;2024-06-14T22:19:09;2024-06-15T07:51:09;true
7;incapacitate;exceed arid;2024-06-15T00:06:33;2024-06-14T15:56:35;false
8;midst beside instead;facsimile;2024-06-14T19:55:54;2024-06-15T00:16:56;true
9;till ick soothe;into;2024-06-14T12:11:07;2024-06-14T23:22:44;false
10;punctually;fitness technologist whispered;2024-06-15T09:08:52;2024-06-15T02:49:02;false
