id;file_id;user_id;permission;created_at;updated_at
1;barracks catalogue corn;interlace synthesise;unnecessarily likewise;2024-06-15T00:43:33;2024-06-14T12:09:59
2;knowledgeable inasmuch reluctantly;deeply always tremendous;ponder power oh;2024-06-14T11:03:57;2024-06-14T10:15:23
3;concern;abnormally blubber;even;2024-06-14T15:13:32;2024-06-14T18:57:38
4;amongst;whether off;from crane hungry;2024-06-15T00:19:33;2024-06-15T03:47:11
5;after likewise;regarding side shyly;incidentally atop;2024-06-14T16:48:12;2024-06-14T16:46:51
6;within via as;jaw wildly;out regard;2024-06-14T21:50:22;2024-06-15T05:36:26
7;hastily last;gently;against peaceful outside;2024-06-14T09:56:55;2024-06-14T15:21:14
8;successfully;fooey wrinkle hydrogen;oof near;2024-06-15T08:00:57;2024-06-14T20:12:08
9;firsthand bogus;enormously;onto before dreamily;2024-06-15T07:10:24;2024-06-14T16:26:39
10;gee broadly minimize;near hand almost;orchid;2024-06-14T10:50:24;2024-06-15T05:03:54
